Time,Displacement,Force
"0.0000","0.0000","0.0400"
"0.0200","0.0001","0.0418"
"0.0400","0.0010","0.1800"
"0.0600","0.0042","0.7261"
"0.0800","0.0129","2.3224"
"0.0980","0.0271","4.9251"
"0.1130","0.0411","7.4299"
"0.1290","0.0557","9.9519"
"0.1470","0.0708","12.5092"
"0.1660","0.0860","15.0119"
"0.1860","0.1018","17.5932"
"0.2060","0.1173","20.1063"
"0.2260","0.1331","22.6691"
"0.2450","0.1487","25.1840"
"0.2650","0.1649","27.7754"
"0.2840","0.1807","30.2782"
"0.3030","0.1968","32.8469"
"0.3230","0.2135","35.4623"
"0.3430","0.2303","38.0880"
"0.3620","0.2466","40.6268"
"0.3820","0.2635","43.2292"
"0.4020","0.2796","45.6593"
"0.4220","0.2956","48.0750"
"0.4420","0.3120","50.5375"
"0.4620","0.3284","52.9964"
"0.4820","0.3456","55.5903"
"0.5020","0.3628","58.1456"
"0.5220","0.3792","60.5378"
"0.5420","0.3956","62.9260"
"0.5620","0.4124","65.3699"
"0.5820","0.4291","67.7749"
"0.6020","0.4457","70.1585"
"0.6220","0.4624","72.5294"
"0.6420","0.4787","74.8154"
"0.6620","0.4952","77.1403"
"0.6820","0.5125","79.5793"
"0.7020","0.5294","81.9552"
"0.7220","0.5463","84.2771"
"0.7420","0.5635","86.6581"
"0.7620","0.5800","88.8832"
"0.7820","0.5960","91.0120"
"0.8020","0.6122","93.1838"
"0.8220","0.6286","95.3726"
"0.8420","0.6454","97.6283"
"0.8620","0.6627","99.9351"
"0.8820","0.6796","102.1729"
"0.9020","0.6960","104.2932"
"0.9220","0.7127","106.4478"
"0.9420","0.7297","108.6489"
"0.9620","0.7461","110.7030"
"0.9820","0.7622","112.7483"
"1.0020","0.7785","114.7765"
"1.0220","0.7946","116.7925"
"1.0420","0.8118","118.9669"
"1.0620","0.8293","121.1745"
"1.0820","0.8464","123.2782"
"1.1020","0.8633","125.3496"
"1.1220","0.8803","127.4059"
"1.1420","0.8966","129.3185"
"1.1620","0.9126","131.1965"
"1.1820","0.9290","133.1410"
"1.2020","0.9455","135.0694"
"1.2220","0.9621","137.0118"
"1.2420","0.9792","139.0168"
"1.2620","0.9959","140.9059"
"1.2820","1.0124","142.7827"
"1.3020","1.0294","144.7262"
"1.3220","1.0462","146.6002"
"1.3420","1.0627","148.4177"
"1.3620","1.0790","150.1862"
"1.3820","1.0952","151.9320"
"1.4020","1.1116","153.6988"
"1.4220","1.1288","155.5620"
"1.4420","1.1462","157.4518"
"1.4620","1.1630","159.2069"
"1.4820","1.1798","160.9576"
"1.5020","1.1965","162.6574"
"1.5220","1.2127","164.2770"
"1.5420","1.2291","165.9399"
"1.5620","1.2456","167.5917"
"1.5820","1.2621","169.2190"
"1.6020","1.2789","170.8881"
"1.6220","1.2961","172.5842"
"1.6420","1.3129","174.1868"
"1.6620","1.3296","175.8389"
"1.6820","1.3470","177.5352"
"1.7020","1.3635","179.0358"
"1.7220","1.3796","180.4556"
"1.7420","1.3959","181.9177"
"1.7620","1.4121","183.3407"
"1.7820","1.4287","184.8123"
"1.8020","1.4461","186.3932"
"1.8220","1.4631","187.8539"
"1.8420","1.4797","189.2684"
"1.8620","1.4965","190.6774"
"1.8820","1.5132","192.0751"
"1.9020","1.5295","193.3940"
"1.9220","1.5460","194.7117"
"1.9420","1.5625","196.0328"
"1.9620","1.5788","197.2867"
"1.9820","1.5954","198.5812"
"2.0020","1.6122","199.8822"
"2.0220","1.6287","201.1273"
"2.0420","1.6457","202.4376"
"2.0620","1.6628","203.7203"
"2.0820","1.6793","204.8894"
"2.1020","1.6956","206.0212"
"2.1220","1.7121","207.1959"
"2.1420","1.7288","208.3699"
"2.1620","1.7457","209.5479"
"2.1820","1.7628","210.7323"
"2.2020","1.7793","211.8038"
"2.2220","1.7957","212.8502"
"2.2420","1.8127","213.9899"
"2.2620","1.8296","215.0663"
"2.2820","1.8462","216.0908"
"2.3020","1.8628","217.1054"
"2.3220","1.8789","218.0300"
"2.3420","1.8953","218.9960"
"2.3620","1.9122","220.0275"
"2.3820","1.9294","221.1333"
"2.4020","1.9464","222.1557"
"2.4220","1.9631","223.0783"
"2.4420","1.9797","223.9733"
"2.4620","1.9958","224.7785"
"2.4820","2.0122","225.6364"
"2.5020","2.0289","226.5105"
"2.5220","2.0455","227.3624"
"2.5420","2.0626","228.2724"
"2.5620","2.0798","229.1599"
"2.5820","2.0964","229.9450"
"2.6020","2.1131","230.7557"
"2.6220","2.1303","231.6134"
"2.6420","2.1470","232.3881"
"2.6620","2.1632","233.0818"
"2.6820","2.1795","233.7796"
"2.7020","2.1954","234.4180"
"2.7220","2.2118","235.1245"
"2.7420","2.2291","235.9451"
"2.7620","2.2461","236.6682"
"2.7820","2.2626","237.3326"
"2.8020","2.2793","238.0229"
"2.8220","2.2959","238.6568"
"2.8420","2.3124","239.2913"
"2.8620","2.3290","239.9152"
"2.8820","2.3455","240.5201"
"2.9020","2.3619","241.1238"
"2.9220","2.3791","241.7948"
"2.9420","2.3963","242.4525"
"2.9620","2.4128","242.9841"
"2.9820","2.4297","243.5944"
"3.0020","2.4469","244.2081"
"3.0220","2.4636","244.7323"
"3.0420","2.4798","245.2113"
"3.0620","2.4957","245.6331"
"3.0820","2.5116","246.0638"
"3.1020","2.5283","246.6088"
"3.1220","2.5458","247.2335"
"3.1420","2.5629","247.7743"
"3.1620","2.5796","248.2445"
"3.1820","2.5965","248.7709"
"3.2020","2.6135","249.2858"
"3.2220","2.6301","249.6949"
"3.2420","2.6464","250.0791"
"3.2620","2.6624","250.4167"
"3.2820","2.6788","250.8213"
"3.3020","2.6959","251.3051"
"3.3220","2.7129","251.7331"
"3.3420","2.7299","252.1806"
"3.3620","2.7472","252.6412"
"3.3820","2.7641","253.0291"
"3.4020","2.7801","253.3008"
"3.4220","2.7961","253.5796"
"3.4420","2.8123","253.9024"
"3.4620","2.8286","254.2172"
"3.4820","2.8458","254.6648"
"3.5020","2.8630","255.0656"
"3.5220","2.8794","255.3461"
"3.5420","2.8958","255.6452"
"3.5620","2.9124","255.9606"
"3.5820","2.9291","256.2845"
"3.6020","2.9459","256.6089"
"3.6220","2.9627","256.9306"
"3.6420","2.9791","257.1897"
"3.6620","2.9955","257.4566"
"3.6820","3.0126","257.7997"
"3.7020","3.0295","258.0956"
"3.7220","3.0464","258.3940"
"3.7420","3.0638","258.7406"
"3.7620","3.0803","258.9505"
"3.7820","3.0963","259.1065"
"3.8020","3.1124","259.3072"
"3.8220","3.1288","259.5148"
"3.8420","3.1456","259.8612"
"3.8620","3.1633","260.2474"
"3.8820","3.1805","260.4949"
"3.9020","3.1966","260.6060"
"3.9220","3.2128","260.7437"
"3.9420","3.2294","260.9546"
"3.9620","3.2459","261.1188"
"3.9820","3.2626","261.3291"
"4.0020","3.2790","261.5045"
"4.0220","3.2952","261.6378"
"4.0420","3.3122","261.8928"
"4.0620","3.3297","262.1624"
"4.0820","3.3467","262.3643"
"4.1020","3.3635","262.5482"
"4.1220","3.3804","262.7312"
"4.1420","3.3967","262.8432"
"4.1620","3.4128","262.9351"
"4.1820","3.4293","263.0824"
"4.2020","3.4457","263.2015"
"4.2220","3.4623","263.3632"
"4.2420","3.4794","263.5715"
"4.2620","3.4958","263.6627"
"4.2820","3.5120","263.7567"
"4.3020","3.5290","263.9683"
"4.3220","3.5462","264.1500"
"4.3420","3.5631","264.3132"
"4.3620","3.5796","264.4116"
"4.3820","3.5958","264.4883"
"4.4020","3.6122","264.5958"
"4.4220","3.6295","264.7846"
"4.4420","3.6468","264.9696"
"4.4620","3.6633","265.0433"
"4.4820","3.6800","265.1512"
"4.5020","3.6967","265.2564"
"4.5220","3.7132","265.3276"
"4.5420","3.7297","265.4619"
"4.5620","3.7465","265.6120"
"4.5820","3.7628","265.6707"
"4.6020","3.7794","265.7445"
"4.6220","3.7963","265.8521"
"4.6420","3.8129","265.9269"
"4.6620","3.8297","266.0110"
"4.6820","3.8468","266.1498"
"4.7020","3.8635","266.2026"
"4.7220","3.8801","266.2424"
"4.7420","3.8967","266.2980"
"4.7620","3.9127","266.2811"
"4.7820","3.9290","266.3300"
"4.8020","3.9461","266.4713"
"4.8220","3.9630","266.5534"
"4.8420","3.9799","266.6393"
"4.8620","3.9970","266.7522"
"4.8820","4.0140","266.8412"
"4.9020","4.0303","266.8507"
"4.9220","4.0465","266.8455"
"4.9420","4.0627","266.8604"
"4.9620","4.0787","266.8465"
"4.9820","4.0955","266.9550"
"5.0020","4.1125","267.0671"
"5.0220","4.1291","267.0997"
"5.0420","4.1461","267.2097"
"5.0620","4.1633","267.3030"
"5.0820","4.1798","267.3182"
"5.1020","4.1961","267.3222"
"5.1220","4.2125","267.3435"
"5.1420","4.2290","267.3827"
"5.1620","4.2459","267.4954"
"5.1820","4.2635","267.6812"
"5.2020","4.2803","267.7205"
"5.2220","4.2968","267.7149"
"5.2420","4.3138","267.7803"
"5.2620","4.3304","267.7799"
"5.2820","4.3466","267.7401"
"5.3020","4.3628","267.7255"
"5.3220","4.3789","267.6783"
"5.3420","4.3953","267.6999"
"5.3620","4.4125","267.7994"
"5.3820","4.4297","267.8777"
"5.4020","4.4464","267.9094"
"5.4220","4.4634","267.9451"
"5.4420","4.4800","267.9493"
"5.4620","4.4958","267.8493"
"5.4820","4.5119","267.8180"
"5.5020","4.5285","267.8515"
"5.5220","4.5452","267.8801"
"5.5420","4.5625","267.9797"
"5.5620","4.5797","268.0459"
"5.5820","4.5962","268.0434"
"5.6020","4.6130","268.0812"
"5.6220","4.6304","268.1709"
"5.6420","4.6472","268.1915"
"5.6620","4.6634","268.1401"
"5.6820","4.6796","268.0937"
"5.7020","4.6954","268.0152"
"5.7220","4.7118","268.0237"
"5.7420","4.7293","268.1483"
"5.7620","4.7463","268.1903"
"5.7820","4.7628","268.1837"
"5.8020","4.7796","268.2182"
"5.8220","4.7963","268.2487"
"5.8420","4.8129","268.2656"
"5.8620","4.8296","268.2723"
"5.8820","4.8461","268.2517"
"5.9020","4.8626","268.2369"
"5.9220","4.8795","268.2654"
"5.9420","4.8963","268.2811"
"5.9620","4.9128","268.2492"
"5.9820","4.9298","268.2934"
"6.0020","4.9470","268.3531"
"6.0220","4.9635","268.3058"
"6.0420","4.9798","268.2609"
"6.0620","4.9960","268.1910"
"6.0820","5.0122","268.1516"
"6.1020","5.0291","268.1965"
"6.1220","5.0464","268.2659"
"6.1420","5.0633","268.2792"
"6.1620","5.0801","268.2538"
"6.1820","5.0967","268.2195"
"6.2020","5.1126","268.1228"
"6.2220","5.1289","268.0934"
"6.2420","5.1459","268.1382"
"6.2620","5.1624","268.1175"
"6.2820","5.1791","268.1180"
"6.3020","5.1961","268.1635"
"6.3220","5.2129","268.1594"
"6.3420","5.2298","268.1717"
"6.3620","5.2470","268.2277"
"6.3820","5.2640","268.2313"
"6.4020","5.2800","268.1374"
"6.4220","5.2959","268.0432"
"6.4420","5.3121","268.0012"
"6.4620","5.3286","267.9919"
"6.4820","5.3460","268.0799"
"6.5020","5.3632","268.1291"
"6.5220","5.3795","268.0432"
"6.5420","5.3958","268.0164"
"6.5620","5.4126","268.0219"
"6.5820","5.4294","268.0299"
"6.6020","5.4461","268.0346"
"6.6220","5.4628","268.0199"
"6.6420","5.4791","267.9818"
"6.6620","5.4956","267.9719"
"6.6820","5.5129","268.0810"
"6.7020","5.5300","268.1020"
"6.7220","5.5469","268.0999"
"6.7420","5.5641","268.1353"
"6.7620","5.5804","268.0439"
"6.7820","5.5964","267.9483"
"6.8020","5.6127","267.8964"
"6.8220","5.6293","267.8714"
"6.8420","5.6464","267.9072"
"6.8620","5.6635","267.9157"
"6.8820","5.6797","267.8323"
"6.9020","5.6955","267.7234"
"6.9220","5.7122","267.7460"
"6.9420","5.7297","267.8365"
"6.9620","5.7464","267.8112"
"6.9820","5.7628","267.7564"
"7.0020","5.7789","267.6931"
"7.0220","5.7949","267.6082"
"7.0420","5.8120","267.6703"
"7.0620","5.8297","267.7757"
"7.0820","5.8468","267.7759"
"7.1020","5.8635","267.7723"
"7.1220","5.8804","267.7641"
"7.1420","5.8969","267.7233"
"7.1620","5.9132","267.6498"
"7.1820","5.9296","267.6173"
"7.2020","5.9458","267.5521"
"7.2220","5.9624","267.5338"
"7.2420","5.9796","267.5944"
"7.2620","5.9961","267.5476"
"7.2820","6.0126","267.5141"
"7.3020","6.0296","267.5359"
"7.3220","6.0465","267.5435"
"7.3420","6.0632","267.5226"
"7.3620","6.0798","267.4911"
"7.3820","6.0961","267.4339"
"7.4020","6.1122","267.3605"
"7.4220","6.1292","267.3978"
"7.4420","6.1465","267.4554"
"7.4620","6.1633","267.4405"
"7.4820","6.1802","267.4495"
"7.5020","6.1971","267.4434"
"7.5220","6.2134","267.3759"
"7.5420","6.2299","267.3343"
"7.5620","6.2462","267.2790"
"7.5820","6.2624","267.2126"
"7.6020","6.2791","267.2154"
"7.6220","6.2962","267.2712"
"7.6420","6.3133","267.3208"
"7.6620","6.3301","267.2888"
"7.6820","6.3467","267.2455"
"7.7020","6.3631","267.1789"
"7.7220","6.3792","267.0838"
"7.7420","6.3956","267.0575"
"7.7620","6.4119","267.0008"
"7.7820","6.4287","267.0003"
"7.8020","6.4461","267.0746"
"7.8220","6.4633","267.0923"
"7.8420","6.4801","267.0821"
"7.8620","6.4970","267.0727"
"7.8820","6.5137","267.0533"
"7.9020","6.5301","266.9850"
"7.9220","6.5465","266.9343"
"7.9420","6.5628","266.8645"
"7.9620","6.5788","266.7695"
"7.9820","6.5955","266.7589"
"8.0020","6.6124","266.7802"
"8.0220","6.6291","266.7556"
"8.0420","6.6461","266.7889"
"8.0620","6.6633","266.8205"
"8.0820","6.6799","266.7625"
"8.1020","6.6960","266.6892"
"8.1220","6.7125","266.6439"
"8.1420","6.7290","266.6204"
"8.1620","6.7460","266.6460"
"8.1820","6.7633","266.6974"
"8.2020","6.7799","266.6682"
"8.2220","6.7964","266.6094"
"8.2420","6.8133","266.6584"
"8.2620","6.8302","266.6784"
"8.2820","6.8468","266.6476"
"8.3020","6.8632","266.5876"
"8.3220","6.8793","266.4790"
"8.3420","6.8956","266.4363"
"8.3620","6.9126","266.4579"
"8.3820","6.9297","266.4798"
"8.4020","6.9464","266.4437"
"8.4220","6.9634","266.4486"
"8.4420","6.9802","266.4087"
"8.4620","6.9961","266.2923"
"8.4820","7.0122","266.2236"
"8.5020","7.0287","266.1955"
"8.5220","7.0453","266.1867"
"8.5420","7.0625","266.2397"
"8.5620","7.0798","266.2818"
"8.5820","7.0964","266.2300"
"8.6020","7.1130","266.2158"
"8.6220","7.1302","266.2424"
"8.6420","7.1469","266.2177"
"8.6620","7.1631","266.1433"
"8.6820","7.1794","266.0810"
"8.7020","7.1954","266.0096"
"8.7220","7.2120","265.9813"
"8.7420","7.2292","266.0458"
"8.7620","7.2462","266.0500"
"8.7820","7.2627","266.0154"
"8.8020","7.2794","266.0000"
"8.8220","7.2960","265.9650"
"8.8420","7.3126","265.9478"
"8.8620","7.3294","265.9332"
"8.8820","7.3460","265.9160"
"8.9020","7.3626","265.8743"
"8.9220","7.3794","265.8739"
"8.9420","7.3962","265.8636"
"8.9620","7.4129","265.8391"
"8.9820","7.4302","265.8864"
"9.0020","7.4473","265.9156"
"9.0220","7.4637","265.8813"
"9.0420","7.4800","265.8285"
"9.0620","7.4960","265.7266"
"9.0820","7.5120","265.6241"
"9.1020","7.5290","265.6630"
"9.1220","7.5466","265.7270"
"9.1420","7.5633","265.6905"
"9.1620","7.5796","265.6268"
"9.1820","7.5964","265.6183"
"9.2020","7.6132","265.6024"
"9.2220","7.6298","265.5465"
"9.2420","7.6463","265.5224"
"9.2620","7.6625","265.4515"
"9.2820","7.6790","265.4247"
"9.3020","7.6961","265.4573"
"9.3220","7.7130","265.4533"
"9.3420","7.7299","265.4614"
"9.3620","7.7470","265.4812"
"9.3820","7.7638","265.4636"
"9.4020","7.7797","265.3550"
"9.4220","7.7957","265.2698"
"9.4420","7.8121","265.2323"
"9.4620","7.8285","265.1851"
"9.4820","7.8457","265.2417"
"9.5020","7.8630","265.2868"
"9.5220","7.8795","265.2388"
"9.5420","7.8960","265.2037"
"9.5620","7.9129","265.2018"
"9.5820","7.9296","265.1785"
"9.6020","7.9462","265.1513"
"9.6220","7.9628","265.1170"
"9.6420","7.9791","265.0502"
"9.6620","7.9955","265.0162"
"9.6820","8.0126","265.0713"
"9.7020","8.0297","265.1308"
"9.7220","8.0467","265.1289"
"9.7420","8.0639","265.1444"
"9.7620","8.0803","265.0702"
"9.7820","8.0965","264.9815"
"9.8020","8.1126","264.9156"
"9.8220","8.1289","264.8524"
"9.8420","8.1457","264.8675"
"9.8620","8.1630","264.9069"
"9.8820","8.1800","264.9008"
"9.9020","8.1962","264.7979"
"9.9220","8.2125","264.7287"
"9.9420","8.2293","264.7474"
"9.9620","8.2462","264.7553"
"9.9820","8.2631","264.7605"
"10.0020","8.2792","264.6756"
"10.0220","8.2951","264.5799"
"10.0420","8.3121","264.6223"
"10.0620","8.3296","264.6921"
"10.0820","8.3467","264.6971"
"10.1020","8.3635","264.6856"
"10.1220","8.3805","264.6819"
"10.1420","8.3969","264.6287"
"10.1620","8.4130","264.5554"
"10.1820","8.4295","264.5178"
"10.2020","8.4458","264.4774"
"10.2220","8.4625","264.4507"
"10.2420","8.4795","264.4956"
"10.2620","8.4962","264.4741"
"10.2820","8.5128","264.4431"
"10.3020","8.5298","264.4685"
"10.3220","8.5466","264.4504"
"10.3420","8.5632","264.4277"
"10.3620","8.5797","264.3799"
"10.3820","8.5958","264.3112"
"10.4020","8.6120","264.2529"
"10.4220","8.6291","264.2904"
"10.4420","8.6466","264.3607"
"10.4620","8.6633","264.3325"
"10.4820","8.6801","264.3250"
"10.5020","8.6970","264.3272"
"10.5220","8.7135","264.2836"
"10.5420","8.7302","264.2771"
"10.5620","8.7467","264.2088"
"10.5820","8.7627","264.1171"
"10.6020","8.7791","264.0860"
"10.6220","8.7960","264.0974"
"10.6420","8.8125","264.0584"
"10.6620","8.8290","264.0265"
"10.6820","8.8462","264.0709"
"10.7020","8.8631","264.0725"
"10.7220","8.8796","264.0315"
"10.7420","8.8961","263.9965"
"10.7620","8.9122","263.9141"
"10.7820","8.9288","263.8967"
"10.8020","8.9461","263.9725"
"10.8220","8.9633","263.9840"
"10.8420","8.9802","263.9909"
"10.8620","8.9971","263.9753"
"10.8820","9.0137","263.9412"
"10.9020","9.0300","263.8800"
"10.9220","9.0464","263.8339"
"10.9420","9.0627","263.7758"
"10.9620","9.0786","263.6865"
"10.9820","9.0955","263.7163"
"11.0020","9.1127","263.7643"
"11.0220","9.1294","263.7242"
"11.0420","9.1462","263.7427"
"11.0620","9.1632","263.7704"
"11.0820","9.1798","263.7475"
"11.1020","9.1960","263.6780"
"11.1220","9.2123","263.6240"
"11.1420","9.2288","263.5968"
"11.1620","9.2458","263.6100"
"11.1820","9.2632","263.6745"
"11.2020","9.2800","263.6469"
"11.2220","9.2964","263.6010"
"11.2420","9.3133","263.6097"
"11.2620","9.3299","263.5795"
"11.2820","9.3465","263.5442"
"11.3020","9.3631","263.5255"
"11.3220","9.3794","263.4522"
"11.3420","9.3957","263.4085"
"11.3620","9.4127","263.4355"
"11.3820","9.4297","263.4445"
"11.4020","9.4461","263.3907"
"11.4220","9.4627","263.3607"
"11.4420","9.4795","263.3893"
"11.4620","9.4959","263.3811"
"11.4820","9.5127","263.4099"
"11.5020","9.5296","263.4084"
"11.5220","9.5462","263.3717"
"11.5420","9.5633","263.3954"
"11.5620","9.5802","263.3792"
"11.5820","9.5965","263.3167"
"11.6020","9.6131","263.3015"
"11.6220","9.6304","263.3293"
"11.6420","9.6471","263.3196"
"11.6620","9.6634","263.2465"
"11.6820","9.6796","263.1800"
"11.7020","9.6955","263.0826"
"11.7220","9.7120","263.0602"
"11.7420","9.7293","263.1228"
"11.7620","9.7461","263.1148"
"11.7820","9.7627","263.0863"
"11.8020","9.7795","263.0809"
"11.8220","9.7960","263.0463"
"11.8420","9.8125","263.0191"
"11.8620","9.8293","263.0171"
"11.8820","9.8459","262.9858"
"11.9020","9.8622","262.9376"
"11.9220","9.8791","262.9436"
"11.9420","9.8964","262.9910"
"11.9620","9.9130","262.9503"
"11.9820","9.9298","262.9504"
"12.0020","9.9469","263.0088"
"12.0220","9.9638","263.0483"
"12.0420","9.9804","263.0354"
"12.0620","9.9964","262.9185"
"12.0820","10.0121","262.8114"
"12.1020","10.0289","262.8231"
"12.1220","10.0465","262.8899"
"12.1420","10.0633","262.8816"
"12.1620","10.0797","262.8197"
"12.1820","10.0965","262.8164"
"12.2020","10.1131","262.7714"
"12.2220","10.1295","262.7220"
"12.2420","10.1461","262.7012"
"12.2620","10.1623","262.6279"
"12.2820","10.1787","262.6017"
"12.3020","10.1958","262.6358"
"12.3220","10.2128","262.6522"
"12.3420","10.2298","262.6637"
"12.3620","10.2471","262.7092"
"12.3820","10.2640","262.6941"
"12.4020","10.2799","262.5947"
"12.4220","10.2959","262.5027"
"12.4420","10.3121","262.4468"
"12.4620","10.3284","262.4094"
"12.4820","10.3458","262.4752"
"12.5020","10.3631","262.5207"
"12.5220","10.3795","262.4496"
"12.5420","10.3960","262.4322"
"12.5620","10.4129","262.4336"
"12.5820","10.4296","262.4245"
"12.6020","10.4462","262.4032"
"12.6220","10.4628","262.3659"
"12.6420","10.4789","262.3017"
"12.6620","10.4954","262.2605"
"12.6820","10.5126","262.3201"
"12.7020","10.5297","262.3477"
"12.7220","10.5469","262.4057"
"12.7420","10.5644","262.4987"
"12.7620","10.5809","262.4264"
"12.7820","10.5968","262.3160"
"12.8020","10.6127","262.2161"
"12.8220","10.6288","262.1436"
"12.8420","10.6455","262.1515"
"12.8620","10.6628","262.2042"
"12.8820","10.6797","262.1956"
"12.9020","10.6958","262.1249"
"12.9220","10.7126","262.1253"
"12.9420","10.7300","262.1833"
"12.9620","10.7469","262.1715"
"12.9820","10.7632","262.0998"
"13.0020","10.7790","261.9988"
"13.0220","10.7949","261.9142"
"13.0420","10.8120","261.9823"
"13.0620","10.8297","262.0692"
"13.0820","10.8467","262.0744"
"13.1020","10.8634","262.0677"
"13.1220","10.8804","262.0646"
"13.1420","10.8969","262.0377"
"13.1620","10.9130","261.9551"
"13.1820","10.9295","261.9254"
"13.2020","10.9458","261.8776"
"13.2220","10.9624","261.8645"
"13.2420","10.9796","261.9048"
"13.2620","10.9961","261.8615"
"13.2820","11.0126","261.8286"
"13.3020","11.0295","261.8408"
"13.3220","11.0465","261.8441"
"13.3420","11.0631","261.8282"
"13.3620","11.0796","261.7828"
"13.3820","11.0957","261.7464"
"13.4020","11.1123","261.7682"
"13.4220","11.1298","261.8583"
"13.4420","11.1474","261.9193"
"13.4620","11.1639","261.8610"
"13.4820","11.1806","261.8285"
"13.5020","11.1974","261.8215"
"13.5220","11.2137","261.7451"
"13.5420","11.2300","261.7056"
"13.5620","11.2463","261.6540"
"13.5820","11.2625","261.5939"
"13.6020","11.2792","261.6047"
"13.6220","11.2962","261.6142"
"13.6420","11.3127","261.5863"
"13.6620","11.3293","261.5553"
"13.6820","11.3466","261.6203"
"13.7020","11.3637","261.6300"
"13.7220","11.3800","261.5460"
"13.7420","11.3960","261.4796"
"13.7620","11.4120","261.3997"
"13.7820","11.4286","261.4095"
"13.8020","11.4461","261.4865"
"13.8220","11.4632","261.5058"
"13.8420","11.4800","261.4956"
"13.8620","11.4968","261.4917"
"13.8820","11.5136","261.4820"
"13.9020","11.5299","261.4227"
"13.9220","11.5462","261.3907"
"13.9420","11.5626","261.4044"
"13.9620","11.5791","261.3949"
"13.9820","11.5960","261.4069"
"14.0020","11.6127","261.3886"
"14.0220","11.6289","261.3231"
"14.0420","11.6458","261.3417"
"14.0620","11.6631","261.3862"
"14.0820","11.6798","261.3592"
"14.1020","11.6960","261.2948"
"14.1220","11.7123","261.2331"
"14.1420","11.7287","261.2074"
"14.1620","11.7456","261.2311"
"14.1820","11.7630","261.2942"
"14.2020","11.7798","261.2905"
"14.2220","11.7965","261.2577"
"14.2420","11.8136","261.2860"
"14.2620","11.8302","261.2537"
"14.2820","11.8468","261.2296"
"14.3020","11.8632","261.1955"
"14.3220","11.8792","261.1059"
"14.3420","11.8954","261.0613"
"14.3620","11.9124","261.0858"
"14.3820","11.9294","261.1156"
"14.4020","11.9460","261.0993"
"14.4220","11.9631","261.1224"
"14.4420","11.9801","261.1361"
"14.4620","11.9964","261.0621"
"14.4820","12.0126","261.0147"
"14.5020","12.0293","261.0024"
"14.5220","12.0461","260.9971"
"14.5420","12.0631","261.0145"
"14.5620","12.0799","261.0104"
"14.5820","12.0963","260.9673"
"14.6020","12.1129","260.9553"
"14.6220","12.1300","260.9888"
"14.6420","12.1469","260.9921"
"14.6620","12.1631","260.9250"
"14.6820","12.1793","260.8633"
"14.7020","12.1952","260.8367"
"14.7220","12.2120","260.8776"
"14.7420","12.2297","260.9863"
"14.7620","12.2467","260.9806"
"14.7820","12.2630","260.9159"
"14.8020","12.2795","260.8899"
"14.8220","12.2961","260.8525"
"14.8420","12.3126","260.8399"
"14.8620","12.3293","260.8266"
"14.8820","12.3459","260.8096"
"14.9020","12.3623","260.7696"
"14.9220","12.3792","260.7884"
"14.9420","12.3963","260.8204"
"14.9620","12.4129","260.7902"
"14.9820","12.4300","260.8291"
"15.0020","12.4472","260.8679"
"15.0220","12.4636","260.8043"
"15.0420","12.4798","260.7399"
"15.0620","12.4959","260.6763"
"15.0820","12.5121","260.6230"
"15.1020","12.5290","260.6570"
"15.1220","12.5464","260.7197"
"15.1420","12.5632","260.7135"
"15.1620","12.5797","260.6797"
"15.1820","12.5966","260.6756"
"15.2020","12.6131","260.6374"
"15.2220","12.6294","260.5730"
"15.2420","12.6459","260.5599"
"15.2620","12.6622","260.5186"
"15.2820","12.6789","260.5064"
"15.3020","12.6960","260.5629"
"15.3220","12.7130","260.5686"
"15.3420","12.7300","260.6017"
"15.3620","12.7472","260.6518"
"15.3820","12.7640","260.6775"
"15.4020","12.7801","260.5965"
"15.4220","12.7960","260.5055"
"15.4420","12.8123","260.4630"
"15.4620","12.8287","260.4274"
"15.4820","12.8459","260.4847"
"15.5020","12.8630","260.5090"
"15.5220","12.8794","260.4527"
"15.5420","12.8959","260.4359"
"15.5620","12.9127","260.4340"
"15.5820","12.9295","260.4358"
"15.6020","12.9462","260.4386"
"15.6220","12.9628","260.4016"
"15.6420","12.9789","260.3456"
"15.6620","12.9955","260.3350"
"15.6820","13.0126","260.3742"
"15.7020","13.0295","260.3786"
"15.7220","13.0464","260.3927"
"15.7420","13.0638","260.4465"
"15.7620","13.0803","260.4102"
"15.7820","13.0963","260.3225"
"15.8020","13.1125","260.2896"
"15.8220","13.1290","260.2596"
"15.8420","13.1458","260.2803"
"15.8620","13.1629","260.3085"
"15.8820","13.1796","260.2961"
"15.9020","13.1958","260.2351"
"15.9220","13.2125","260.2266"
"15.9420","13.2296","260.2781"
"15.9620","13.2463","260.2573"
"15.9820","13.2629","260.2404"
"16.0020","13.2793","260.2018"
"16.0220","13.2958","260.1711"
"16.0420","13.3129","260.2032"
"16.0620","13.3299","260.2226"
"16.0820","13.3466","260.2140"
"16.1020","13.3631","260.1902"
"16.1220","13.3797","260.1717"
"16.1420","13.3961","260.1481"
"16.1620","13.4126","260.1148"
"16.1820","13.4293","260.1183"
"16.2020","13.4457","260.0898"
"16.2220","13.4623","260.0742"
"16.2420","13.4793","260.1090"
"16.2620","13.4957","260.0606"
"16.2820","13.5121","260.0272"
"16.3020","13.5291","260.0700"
"16.3220","13.5461","260.0814"
"16.3420","13.5627","260.0718"
"16.3620","13.5791","260.0363"
"16.3820","13.5954","259.9893"
"16.4020","13.6117","259.9619"
"16.4220","13.6288","259.9986"
"16.4420","13.6462","260.1010"
"16.4620","13.6634","260.1444"
"16.4820","13.6806","260.1795"
"16.5020","13.6974","260.1633"
"16.5220","13.7135","260.0746"
"16.5420","13.7299","260.0442"
"16.5620","13.7463","260.0069"
"16.5820","13.7627","259.9835"
"16.6020","13.7795","259.9897"
"16.6220","13.7964","260.0057"
"16.6420","13.8129","259.9805"
"16.6620","13.8296","259.9759"
"16.6820","13.8469","260.0262"
"16.7020","13.8637","260.0088"
"16.7220","13.8799","259.9314"
"16.7420","13.8962","259.8914"
"16.7620","13.9122","259.8324"
"16.7820","13.9286","259.8158"
"16.8020","13.9459","259.8828"
"16.8220","13.9632","259.9163"
"16.8420","13.9802","259.9425"
"16.8620","13.9973","259.9709"
"16.8820","14.0141","259.9670"
"16.9020","14.0305","259.9231"
"16.9220","14.0467","259.8649"
"16.9420","14.0627","259.8001"
"16.9620","14.0786","259.7258"
"16.9820","14.0956","259.7679"
"17.0020","14.1128","259.8156"
"17.0220","14.1294","259.7917"
"17.0420","14.1463","259.8181"
"17.0620","14.1634","259.8403"
"17.0820","14.1800","259.8264"
"17.1020","14.1961","259.7645"
"17.1220","14.2124","259.7227"
"17.1420","14.2288","259.6998"
"17.1620","14.2457","259.7269"
"17.1820","14.2632","259.8010"
"17.2020","14.2798","259.7825"
"17.2220","14.2963","259.7555"
"17.2420","14.3136","259.8055"
"17.2620","14.3304","259.8156"
"17.2820","14.3469","259.8325"
"17.3020","14.3636","259.8437"
"17.3220","14.3796","259.7529"
"17.3420","14.3958","259.6965"
"17.3620","14.4127","259.7198"
"17.3820","14.4298","259.7411"
"17.4020","14.4464","259.7155"
"17.4220","14.4631","259.7068"
"17.4420","14.4798","259.7100"
"17.4620","14.4960","259.6276"
"17.4820","14.5121","259.5731"
"17.5020","14.5287","259.5677"
"17.5220","14.5453","259.5580"
"17.5420","14.5626","259.6362"
"17.5620","14.5799","259.6787"
"17.5820","14.5966","259.6604"
"17.6020","14.6133","259.6516"
"17.6220","14.6304","259.6699"
"17.6420","14.6471","259.6646"
"17.6620","14.6634","259.6157"
"17.6820","14.6797","259.5745"
"17.7020","14.6956","259.4897"
"17.7220","14.7119","259.4737"
"17.7420","14.7292","259.5443"
"17.7620","14.7463","259.5753"
"17.7820","14.7630","259.5615"
"17.8020","14.7797","259.5616"
"17.8220","14.7962","259.5312"
"17.8420","14.8126","259.5040"
"17.8620","14.8292","259.4975"
"17.8820","14.8459","259.4978"
"17.9020","14.8626","259.4997"
"17.9220","14.8796","259.5381"
"17.9420","14.8967","259.6120"
"17.9620","14.9132","259.5915"
"17.9820","14.9302","259.6119"
"18.0020","14.9473","259.6342"
"18.0220","14.9637","259.5764"
"18.0420","14.9799","259.5247"
"18.0620","14.9959","259.4514"
"18.0820","15.0120","259.4024"
"18.1020","15.0291","259.4545"
"18.1220","15.0468","259.5234"
"18.1420","15.0632","259.4749"
"18.1620","15.0790","259.3734"
"18.1820","15.0955","259.3778"
"18.2020","15.1124","259.3924"
"18.2220","15.1291","259.4038"
"18.2420","15.1459","259.4171"
"18.2620","15.1623","259.3780"
"18.2820","15.1788","259.3612"
"18.3020","15.1960","259.4112"
"18.3220","15.2129","259.4213"
"18.3420","15.2297","259.4263"
"18.3620","15.2469","259.4720"
"18.3820","15.2640","259.4801"
"18.4020","15.2801","259.4185"
"18.4220","15.2961","259.3307"
"18.4420","15.3122","259.2872"
"18.4620","15.3286","259.2605"
"18.4820","15.3459","259.3301"
"18.5020","15.3632","259.3817"
"18.5220","15.3797","259.3392"
"18.5420","15.3962","259.3348"
"18.5620","15.4130","259.3366"
"18.5820","15.4297","259.3340"
"18.6020","15.4464","259.3348"
"18.6220","15.4631","259.3224"
"18.6420","15.4794","259.2859"
"18.6620","15.4960","259.2708"
"18.6820","15.5130","259.3272"
"18.7020","15.5300","259.3838"
"18.7220","15.5471","259.4279"
"18.7420","15.5644","259.4704"
"18.7620","15.5809","259.4133"
"18.7820","15.5967","259.3155"
"18.8020","15.6127","259.2462"
"18.8220","15.6290","259.2220"
"18.8420","15.6459","259.2469"
"18.8620","15.6630","259.2878"
"18.8820","15.6797","259.2707"
"18.9020","15.6961","259.2419"
"18.9220","15.7131","259.2588"
"18.9420","15.7303","259.3034"
"18.9620","15.7467","259.2555"
"18.9820","15.7628","259.1873"
"19.0020","15.7789","259.1432"
"19.0220","15.7951","259.0970"
"19.0420","15.8121","259.1545"
"19.0620","15.8297","259.2239"
"19.0820","15.8469","259.2555"
"19.1020","15.8638","259.2644"
"19.1220","15.8806","259.2627"
"19.1420","15.8968","259.2014"
"19.1620","15.9127","259.1269"
"19.1820","15.9292","259.1221"
"19.2020","15.9456","259.0970"
"19.2220","15.9622","259.0954"
"19.2420","15.9792","259.1321"
"19.2620","15.9957","259.1070"
"19.2820","16.0122","259.0974"
"19.3020","16.0294","259.1548"
"19.3220","16.0465","259.1877"
"19.3420","16.0631","259.1929"
"19.3620","16.0795","259.1725"
"19.3820","16.0958","259.1254"
"19.4020","16.1122","259.1069"
"19.4220","16.1294","259.1467"
"19.4420","16.1466","259.1959"
"19.4620","16.1633","259.1745"
"19.4820","16.1802","259.1875"
"19.5020","16.1971","259.2013"
"19.5220","16.2134","259.1459"
"19.5420","16.2298","259.1265"
"19.5620","16.2462","259.0800"
"19.5820","16.2623","259.0341"
"19.6020","16.2790","259.0389"
"19.6220","16.2961","259.0655"
"19.6420","16.3127","259.0611"
"19.6620","16.3293","259.0483"
"19.6820","16.3466","259.1093"
"19.7020","16.3635","259.1060"
"19.7220","16.3801","259.0829"
"19.7420","16.3967","259.0557"
"19.7620","16.4125","258.9644"
"19.7820","16.4288","258.9358"
"19.8020","16.4460","258.9967"
"19.8220","16.4631","259.0221"
"19.8420","16.4799","259.0348"
"19.8620","16.4969","259.0553"
"19.8820","16.5136","259.0483"
"19.9020","16.5300","259.0359"
"19.9220","16.5467","259.0524"
"19.9420","16.5633","259.0377"
"19.9620","16.5794","258.9753"
"19.9820","16.5960","258.9731"
"20.0020","16.6129","258.9916"
"20.0220","16.6294","258.9659"
"20.0420","16.6463","258.9993"
"20.0620","16.6633","259.0155"
"20.0820","16.6797","258.9807"
"20.1020","16.6959","258.9432"
"20.1220","16.7124","258.9194"
"20.1420","16.7290","258.9270"
"20.1620","16.7459","258.9444"
"20.1820","16.7631","258.9965"
"20.2020","16.7798","258.9805"
"20.2220","16.7964","258.9668"
"20.2420","16.8135","258.9976"
"20.2620","16.8301","258.9867"
"20.2820","16.8467","258.9765"
"20.3020","16.8633","258.9631"
"20.3220","16.8793","258.8987"
"20.3420","16.8956","258.8658"
"20.3620","16.9126","258.8989"
"20.3820","16.9296","258.9225"
"20.4020","16.9461","258.9056"
"20.4220","16.9630","258.9026"
"20.4420","16.9798","258.9031"
"20.4620","16.9958","258.8254"
"20.4820","17.0121","258.8004"
"20.5020","17.0288","258.8161"
"20.5220","17.0454","258.8079"
"20.5420","17.0625","258.8633"
"20.5620","17.0797","258.8975"
"20.5820","17.0963","258.8767"
"20.6020","17.1130","258.8789"
"20.6220","17.1302","258.9197"
"20.6420","17.1471","258.9351"
"20.6620","17.1634","258.8913"
"20.6820","17.1796","258.8523"
"20.7020","17.1955","258.7833"
"20.7220","17.2120","258.7835"
"20.7420","17.2294","258.8833"
"20.7620","17.2465","258.9166"
"20.7820","17.2631","258.9003"
"20.8020","17.2797","258.8870"
"20.8220","17.2963","258.8671"
"20.8420","17.3128","258.8535"
"20.8620","17.3295","258.8499"
"20.8820","17.3458","258.8224"
"20.9020","17.3622","258.7995"
"20.9220","17.3791","258.8160"
"20.9420","17.3960","258.8325"
"20.9620","17.4126","258.8229"
"20.9820","17.4297","258.8690"
"21.0020","17.4470","258.9218"
"21.0220","17.4635","258.8828"
"21.0420","17.4797","258.8436"
"21.0620","17.4958","258.7844"
"21.0820","17.5118","258.7313"
"21.1020","17.5287","258.7676"
"21.1220","17.5463","258.8323"
"21.1420","17.5630","258.8304"
"21.1620","17.5793","258.7834"
"21.1820","17.5960","258.8000"
"21.2020","17.6127","258.8073"
"21.2220","17.6294","258.7947"
"21.2420","17.6462","258.8173"
"21.2620","17.6625","258.7833"
"21.2820","17.6790","258.7766"
"21.3020","17.6959","258.8070"
"21.3220","17.7127","258.8125"
"21.3420","17.7296","258.8385"
"21.3620","17.7469","258.8959"
"21.3820","17.7639","258.9285"
"21.4020","17.7802","258.9156"
"21.4220","17.7965","258.8831"
"21.4420","17.8127","258.8441"
"21.4620","17.8290","258.8100"
"21.4820","17.8462","258.8549"
"21.5020","17.8633","258.8894"
"21.5220","17.8796","258.8268"
"21.5420","17.8959","258.8081"
"21.5620","17.9126","258.8120"
"21.5820","17.9294","258.8174"
"21.6020","17.9462","258.8307"
"21.6220","17.9628","258.8086"
"21.6420","17.9790","258.7726"
"21.6620","17.9956","258.7614"
"21.6820","18.0127","258.8149"
"21.7020","18.0296","258.8265"
"21.7220","18.0467","258.8524"
"21.7420","18.0640","258.9188"
"21.7620","18.0806","258.8820"
"21.7820","18.0968","258.8248"
"21.8020","18.1129","258.7664"
"21.8220","18.1288","258.6949"
"21.8420","18.1453","258.6982"
"21.8620","18.1625","258.7621"
"21.8820","18.1796","258.7933"
"21.9020","18.1959","258.7520"
"21.9220","18.2125","258.7527"
"21.9420","18.2296","258.7871"
"21.9620","18.2461","258.7685"
"21.9820","18.2624","258.7455"
"22.0020","18.2788","258.7263"
"22.0220","18.2951","258.7361"
"22.0420","18.3126","258.8576"
"22.0620","18.3304","258.9436"
"22.0820","18.3473","258.9356"
"22.1020","18.3639","258.9243"
"22.1220","18.3807","258.9141"
"22.1420","18.3969","258.8691"
"22.1620","18.4129","258.7966"
"22.1820","18.4294","258.7941"
"22.2020","18.4458","258.7860"
"22.2220","18.4626","258.7851"
"22.2420","18.4796","258.8210"
"22.2620","18.4959","258.7769"
"22.2820","18.5123","258.7734"
"22.3020","18.5294","258.8228"
"22.3220","18.5463","258.8343"
"22.3420","18.5629","258.8257"
"22.3620","18.5793","258.7951"
"22.3820","18.5956","258.7698"
"22.4020","18.6119","258.7512"
"22.4220","18.6290","258.7948"
"22.4420","18.6464","258.8600"
"22.4620","18.6633","258.8705"
"22.4820","18.6803","258.9023"
"22.5020","18.6972","258.9081"
"22.5220","18.7134","258.8543"
"22.5420","18.7298","258.8394"
"22.5620","18.7463","258.8241"
"22.5820","18.7626","258.7816"
"22.6020","18.7792","258.7952"
"22.6220","18.7963","258.8208"
"22.6420","18.8131","258.8210"
"22.6620","18.8296","258.7772"
"22.6820","18.8462","258.8143"
"22.7020","18.8630","258.8701"
"22.7220","18.8797","258.8637"
"22.7420","18.8962","258.8552"
"22.7620","18.9123","258.7852"
"22.7820","18.9289","258.7917"
"22.8020","18.9462","258.8609"
"22.8220","18.9633","258.8813"
"22.8420","18.9799","258.8778"
"22.8620","18.9968","258.8901"
"22.8820","19.0137","258.9065"
"22.9020","19.0300","258.8663"
"22.9220","19.0465","258.8460"
"22.9420","19.0630","258.8321"
"22.9620","19.0791","258.7771"
"22.9820","19.0958","258.7962"
"23.0020","19.1128","258.8272"
"23.0220","19.1293","258.8109"
"23.0420","19.1462","258.8386"
"23.0620","19.1632","258.8704"
"23.0820","19.1798","258.8468"
"23.1020","19.1959","258.8047"
"23.1220","19.2123","258.7818"
"23.1420","19.2291","258.8032"
"23.1620","19.2462","258.8379"
"23.1820","19.2635","258.8914"
"23.2020","19.2801","258.8762"
"23.2220","19.2965","258.8414"
"23.2420","19.3135","258.8876"
"23.2620","19.3303","258.8810"
"23.2820","19.3468","258.8692"
"23.3020","19.3631","258.8385"
"23.3220","19.3792","258.7732"
"23.3420","19.3955","258.8067"
"23.3620","19.4127","258.9016"
"23.3820","19.4299","258.9387"
"23.4020","19.4464","258.9070"
"23.4220","19.4631","258.9057"
"23.4420","19.4799","258.9142"
"23.4620","19.4962","258.8653"
"23.4820","19.5126","258.8415"
"23.5020","19.5292","258.8337"
"23.5220","19.5458","258.8295"
"23.5420","19.5630","258.8926"
"23.5620","19.5802","258.9236"
"23.5820","19.5966","258.8743"
"23.6020","19.6130","258.8581"
"23.6220","19.6301","258.8885"
"23.6420","19.6469","258.9087"
"23.6620","19.6633","258.8727"
"23.6820","19.6795","258.8330"
"23.7020","19.6954","258.7820"
"23.7220","19.7119","258.7717"
"23.7420","19.7293","258.8637"
"23.7620","19.7464","258.8818"
"23.7820","19.7630","258.8755"
"23.8020","19.7797","258.8767"
"23.8220","19.7961","258.8476"
"23.8420","19.8126","258.8515"
"23.8620","19.8294","258.8619"
"23.8820","19.8461","258.8740"
"23.9020","19.8625","258.8482"
"23.9220","19.8793","258.8718"
"23.9420","19.8966","258.9201"
"23.9620","19.9134","258.9211"
"23.9820","19.9303","258.9367"
"24.0020","19.9471","258.9832"
"24.0220","19.9638","259.0024"
"24.0420","19.9802","258.9863"
"24.0620","19.9962","258.9199"
"24.0820","20.0120","258.8399"
"24.1020","20.0288","258.8676"
"24.1060","20.0323","258.8826"

